handle,product_title,expected_image_filename,shopify_cdn_image_url,image_alt_text,notes
zarishk-imported,Zarishk - زرشک,Zarishk.png | Zarishk.jpg | Zarishk.jpeg | Zarishk.webp | zarishk.png | zarishk.jpg | zarishk.jpeg | zarishk.webp | Zarishk Imported.png | Zarishk Imported.jpg | Zarishk Imported.jpeg | Zarishk Imported.webp | Zarishk-Imported.png | Zarishk-Imported.jpg | Zarishk-Imported.jpeg | Zarishk-Imported.webp | zarishk-imported.png | zarishk-imported.jpg | zarishk-imported.jpeg | zarishk-imported.webp | Zarishk Pakistani.png | Zarishk Pakistani.jpg | Zarishk Pakistani.jpeg | Zarishk Pakistani.webp | Zarishk-Pakistani.png | Zarishk-Pakistani.jpg | Zarishk-Pakistani.jpeg | Zarishk-Pakistani.webp | zarishk-pakistani.png | zarishk-pakistani.jpg | zarishk-pakistani.jpeg | zarishk-pakistani.webp,,Morganics Zarishk - زرشک,Paste public Shopify Files CDN URL after uploading/confirming image in Shopify Admin > Content > Files.
kajo-roasted,Kajo Roasted - کاجو روسٹڈ,Kajo Roasted.png | Kajo Roasted.jpg | Kajo Roasted.jpeg | Kajo Roasted.webp | Kajo-Roasted.png | Kajo-Roasted.jpg | Kajo-Roasted.jpeg | Kajo-Roasted.webp | kajo-roasted.png | kajo-roasted.jpg | kajo-roasted.jpeg | kajo-roasted.webp,,Morganics Kajo Roasted - کاجو روسٹڈ,Paste public Shopify Files CDN URL after uploading/confirming image in Shopify Admin > Content > Files.
hareer-sabaz,Hareer Sabaz - ہریر سبز,Hareer Sabaz.png | Hareer Sabaz.jpg | Hareer Sabaz.jpeg | Hareer Sabaz.webp | Hareer-Sabaz.png | Hareer-Sabaz.jpg | Hareer-Sabaz.jpeg | Hareer-Sabaz.webp | hareer-sabaz.png | hareer-sabaz.jpg | hareer-sabaz.jpeg | hareer-sabaz.webp,,Morganics Hareer Sabaz - ہریر سبز,Paste public Shopify Files CDN URL after uploading/confirming image in Shopify Admin > Content > Files.
kajo-fry,Kajo Fry - کاجو فرائی,Kajo Fry.png | Kajo Fry.jpg | Kajo Fry.jpeg | Kajo Fry.webp | Kajo-Fry.png | Kajo-Fry.jpg | Kajo-Fry.jpeg | Kajo-Fry.webp | kajo-fry.png | kajo-fry.jpg | kajo-fry.jpeg | kajo-fry.webp,,Morganics Kajo Fry - کاجو فرائی,Paste public Shopify Files CDN URL after uploading/confirming image in Shopify Admin > Content > Files.
chasko-herb,Chasko Herb - چسکو ہرب,Chasko Herb.png | Chasko Herb.jpg | Chasko Herb.jpeg | Chasko Herb.webp | Chasko-Herb.png | Chasko-Herb.jpg | Chasko-Herb.jpeg | Chasko-Herb.webp | chasko-herb.png | chasko-herb.jpg | chasko-herb.jpeg | chasko-herb.webp,,Morganics Chasko Herb - چسکو ہرب,Paste public Shopify Files CDN URL after uploading/confirming image in Shopify Admin > Content > Files.
ginseng-white,Ginseng White - جنسنگ روٹ,Ginseng White.png | Ginseng White.jpg | Ginseng White.jpeg | Ginseng White.webp | Ginseng-White.png | Ginseng-White.jpg | Ginseng-White.jpeg | Ginseng-White.webp | ginseng-white.png | ginseng-white.jpg | ginseng-white.jpeg | ginseng-white.webp,,Morganics Ginseng White - جنسنگ روٹ,Paste public Shopify Files CDN URL after uploading/confirming image in Shopify Admin > Content > Files.
ashwagandha,Ashwagandha - اشوگندھا,Ashwagandha.png | Ashwagandha.jpg | Ashwagandha.jpeg | Ashwagandha.webp | ashwagandha.png | ashwagandha.jpg | ashwagandha.jpeg | ashwagandha.webp,,Morganics Ashwagandha - اشوگندھا,Paste public Shopify Files CDN URL after uploading/confirming image in Shopify Admin > Content > Files.
gur,Gur - گڑ,Gur.png | Gur.jpg | Gur.jpeg | Gur.webp | gur.png | gur.jpg | gur.jpeg | gur.webp,,Morganics Gur - گڑ,Paste public Shopify Files CDN URL after uploading/confirming image in Shopify Admin > Content > Files.
konch,Konch White - کونچ سفید,Konch.png | Konch.jpg | Konch.jpeg | Konch.webp | konch.png | konch.jpg | konch.jpeg | konch.webp | Konch White.png | Konch White.jpg | Konch White.jpeg | Konch White.webp | Konch-White.png | Konch-White.jpg | Konch-White.jpeg | Konch-White.webp | konch-white.png | konch-white.jpg | konch-white.jpeg | konch-white.webp,,Morganics Konch White - کونچ سفید,Paste public Shopify Files CDN URL after uploading/confirming image in Shopify Admin > Content > Files.
sarson-black,Sarson Black - سرسوں سیاہ,Sarson Black.png | Sarson Black.jpg | Sarson Black.jpeg | Sarson Black.webp | Sarson-Black.png | Sarson-Black.jpg | Sarson-Black.jpeg | Sarson-Black.webp | sarson-black.png | sarson-black.jpg | sarson-black.jpeg | sarson-black.webp,,Morganics Sarson Black - سرسوں سیاہ,Paste public Shopify Files CDN URL after uploading/confirming image in Shopify Admin > Content > Files.
luban,Luban - لوبان,Luban.png | Luban.jpg | Luban.jpeg | Luban.webp | luban.png | luban.jpg | luban.jpeg | luban.webp,,Morganics Luban - لوبان,Paste public Shopify Files CDN URL after uploading/confirming image in Shopify Admin > Content > Files.
musabbar,Musabbar - مصبر,Musabbar.png | Musabbar.jpg | Musabbar.jpeg | Musabbar.webp | musabbar.png | musabbar.jpg | musabbar.jpeg | musabbar.webp,,Morganics Musabbar - مصبر,Paste public Shopify Files CDN URL after uploading/confirming image in Shopify Admin > Content > Files.
munaqqa,Munaqqa,Munaqqa.png | Munaqqa.jpg | Munaqqa.jpeg | Munaqqa.webp | munaqqa.png | munaqqa.jpg | munaqqa.jpeg | munaqqa.webp,,Morganics Munaqqa,Paste public Shopify Files CDN URL after uploading/confirming image in Shopify Admin > Content > Files.
badam-abdul-wahidi,Badam Abdul Wihidi - بادام عبدالوحیدی,Badam Abdul Wahidi.png | Badam Abdul Wahidi.jpg | Badam Abdul Wahidi.jpeg | Badam Abdul Wahidi.webp | Badam-Abdul-Wahidi.png | Badam-Abdul-Wahidi.jpg | Badam-Abdul-Wahidi.jpeg | Badam-Abdul-Wahidi.webp | badam-abdul-wahidi.png | badam-abdul-wahidi.jpg | badam-abdul-wahidi.jpeg | badam-abdul-wahidi.webp | Badam Abdul Wihidi.png | Badam Abdul Wihidi.jpg | Badam Abdul Wihidi.jpeg | Badam Abdul Wihidi.webp | Badam-Abdul-Wihidi.png | Badam-Abdul-Wihidi.jpg | Badam-Abdul-Wihidi.jpeg | Badam-Abdul-Wihidi.webp | badam-abdul-wihidi.png | badam-abdul-wihidi.jpg | badam-abdul-wihidi.jpeg | badam-abdul-wihidi.webp,,Morganics Badam Abdul Wihidi - بادام عبدالوحیدی,Paste public Shopify Files CDN URL after uploading/confirming image in Shopify Admin > Content > Files.
sogi-big-kishmish-mewa,Sogi Gol Mewa - سوگی گول میوہ,Sogi Big Kishmish Mewa.png | Sogi Big Kishmish Mewa.jpg | Sogi Big Kishmish Mewa.jpeg | Sogi Big Kishmish Mewa.webp | Sogi-Big-Kishmish-Mewa.png | Sogi-Big-Kishmish-Mewa.jpg | Sogi-Big-Kishmish-Mewa.jpeg | Sogi-Big-Kishmish-Mewa.webp | sogi-big-kishmish-mewa.png | sogi-big-kishmish-mewa.jpg | sogi-big-kishmish-mewa.jpeg | sogi-big-kishmish-mewa.webp | Sogi Gol Mewa.png | Sogi Gol Mewa.jpg | Sogi Gol Mewa.jpeg | Sogi Gol Mewa.webp | Sogi-Gol-Mewa.png | Sogi-Gol-Mewa.jpg | Sogi-Gol-Mewa.jpeg | Sogi-Gol-Mewa.webp | sogi-gol-mewa.png | sogi-gol-mewa.jpg | sogi-gol-mewa.jpeg | sogi-gol-mewa.webp,,Morganics Sogi Gol Mewa - سوگی گول میوہ,Paste public Shopify Files CDN URL after uploading/confirming image in Shopify Admin > Content > Files.
pista-maghaz,Pista Maghaz - پستہ مغز,Pista Maghaz.png | Pista Maghaz.jpg | Pista Maghaz.jpeg | Pista Maghaz.webp | Pista-Maghaz.png | Pista-Maghaz.jpg | Pista-Maghaz.jpeg | Pista-Maghaz.webp | pista-maghaz.png | pista-maghaz.jpg | pista-maghaz.jpeg | pista-maghaz.webp,,Morganics Pista Maghaz - پستہ مغز,Paste public Shopify Files CDN URL after uploading/confirming image in Shopify Admin > Content > Files.
kajo-sada,Kajo Plain - کاجو سادہ,Kajo Plain.png | Kajo Plain.jpg | Kajo Plain.jpeg | Kajo Plain.webp | Kajo-Plain.png | Kajo-Plain.jpg | Kajo-Plain.jpeg | Kajo-Plain.webp | kajo-plain.png | kajo-plain.jpg | kajo-plain.jpeg | kajo-plain.webp | Kajo Sada.png | Kajo Sada.jpg | Kajo Sada.jpeg | Kajo Sada.webp | Kajo-Sada.png | Kajo-Sada.jpg | Kajo-Sada.jpeg | Kajo-Sada.webp | kajo-sada.png | kajo-sada.jpg | kajo-sada.jpeg | kajo-sada.webp | Kaju Sada.png | Kaju Sada.jpg | Kaju Sada.jpeg | Kaju Sada.webp | Kaju-Sada.png | Kaju-Sada.jpg | Kaju-Sada.jpeg | Kaju-Sada.webp | kaju-sada.png | kaju-sada.jpg | kaju-sada.jpeg | kaju-sada.webp | Plain Cashews.png | Plain Cashews.jpg | Plain Cashews.jpeg | Plain Cashews.webp | Plain-Cashews.png | Plain-Cashews.jpg | Plain-Cashews.jpeg | Plain-Cashews.webp | plain-cashews.png | plain-cashews.jpg | plain-cashews.jpeg | plain-cashews.webp,,Morganics Kajo Plain - کاجو سادہ,Paste public Shopify Files CDN URL after uploading/confirming image in Shopify Admin > Content > Files.
sikakai,Sikakai - سکاکائی,Sikakai.png | Sikakai.jpg | Sikakai.jpeg | Sikakai.webp | sikakai.png | sikakai.jpg | sikakai.jpeg | sikakai.webp,,Morganics Sikakai - سکاکائی,Paste public Shopify Files CDN URL after uploading/confirming image in Shopify Admin > Content > Files.
harmal,Harmal - حرمل,Harmal.png | Harmal.jpg | Harmal.jpeg | Harmal.webp | harmal.png | harmal.jpg | harmal.jpeg | harmal.webp,,Morganics Harmal - حرمل,Paste public Shopify Files CDN URL after uploading/confirming image in Shopify Admin > Content > Files.
amla,Amla - آملہ,Amla.png | Amla.jpg | Amla.jpeg | Amla.webp | amla.png | amla.jpg | amla.jpeg | amla.webp,,Morganics Amla - آملہ,Paste public Shopify Files CDN URL after uploading/confirming image in Shopify Admin > Content > Files.
moringa,Moringa - مورنگا,Moringa.png | Moringa.jpg | Moringa.jpeg | Moringa.webp | moringa.png | moringa.jpg | moringa.jpeg | moringa.webp,,Morganics Moringa - مورنگا,Paste public Shopify Files CDN URL after uploading/confirming image in Shopify Admin > Content > Files.
satawar,Satawar - ستاور,Satawar.png | Satawar.jpg | Satawar.jpeg | Satawar.webp | satawar.png | satawar.jpg | satawar.jpeg | satawar.webp,,Morganics Satawar - ستاور,Paste public Shopify Files CDN URL after uploading/confirming image in Shopify Admin > Content > Files.
fruit-salt,Fruit Salt - فروٹ سالٹ,Fruit Salt.png | Fruit Salt.jpg | Fruit Salt.jpeg | Fruit Salt.webp | Fruit-Salt.png | Fruit-Salt.jpg | Fruit-Salt.jpeg | Fruit-Salt.webp | fruit-salt.png | fruit-salt.jpg | fruit-salt.jpeg | fruit-salt.webp,,Morganics Fruit Salt - فروٹ سالٹ,Paste public Shopify Files CDN URL after uploading/confirming image in Shopify Admin > Content > Files.
til-black,Til Black - تل,Til Black.png | Til Black.jpg | Til Black.jpeg | Til Black.webp | Til-Black.png | Til-Black.jpg | Til-Black.jpeg | Til-Black.webp | til-black.png | til-black.jpg | til-black.jpeg | til-black.webp,,Morganics Til Black - تل,Paste public Shopify Files CDN URL after uploading/confirming image in Shopify Admin > Content > Files.
chilka-ispaghol,Chilka Ispaghol - چھلکا اسپغول,Chilka Ispaghol.png | Chilka Ispaghol.jpg | Chilka Ispaghol.jpeg | Chilka Ispaghol.webp | Chilka-Ispaghol.png | Chilka-Ispaghol.jpg | Chilka-Ispaghol.jpeg | Chilka-Ispaghol.webp | chilka-ispaghol.png | chilka-ispaghol.jpg | chilka-ispaghol.jpeg | chilka-ispaghol.webp,,Morganics Chilka Ispaghol - چھلکا اسپغول,Paste public Shopify Files CDN URL after uploading/confirming image in Shopify Admin > Content > Files.
sabz-elaichi,Elaichi Sabz - الائچی,Elaichi Sabz.png | Elaichi Sabz.jpg | Elaichi Sabz.jpeg | Elaichi Sabz.webp | Elaichi-Sabz.png | Elaichi-Sabz.jpg | Elaichi-Sabz.jpeg | Elaichi-Sabz.webp | elaichi-sabz.png | elaichi-sabz.jpg | elaichi-sabz.jpeg | elaichi-sabz.webp | Sabz Elaichi.png | Sabz Elaichi.jpg | Sabz Elaichi.jpeg | Sabz Elaichi.webp | Sabz-Elaichi.png | Sabz-Elaichi.jpg | Sabz-Elaichi.jpeg | Sabz-Elaichi.webp | sabz-elaichi.png | sabz-elaichi.jpg | sabz-elaichi.jpeg | sabz-elaichi.webp,,Morganics Elaichi Sabz - الائچی,Paste public Shopify Files CDN URL after uploading/confirming image in Shopify Admin > Content > Files.
pista-namkeen-roasted,Pista Namkeen - مغز پستہ,Pista Namkeen.png | Pista Namkeen.jpg | Pista Namkeen.jpeg | Pista Namkeen.webp | Pista-Namkeen.png | Pista-Namkeen.jpg | Pista-Namkeen.jpeg | Pista-Namkeen.webp | pista-namkeen.png | pista-namkeen.jpg | pista-namkeen.jpeg | pista-namkeen.webp | Pista Namkeen Roasted.png | Pista Namkeen Roasted.jpg | Pista Namkeen Roasted.jpeg | Pista Namkeen Roasted.webp | Pista-Namkeen-Roasted.png | Pista-Namkeen-Roasted.jpg | Pista-Namkeen-Roasted.jpeg | Pista-Namkeen-Roasted.webp | pista-namkeen-roasted.png | pista-namkeen-roasted.jpg | pista-namkeen-roasted.jpeg | pista-namkeen-roasted.webp,,Morganics Pista Namkeen - مغز پستہ,Paste public Shopify Files CDN URL after uploading/confirming image in Shopify Admin > Content > Files.
four-seeds,Char maghaz - چار مغز,Char maghaz.png | Char maghaz.jpg | Char maghaz.jpeg | Char maghaz.webp | Char-maghaz.png | Char-maghaz.jpg | Char-maghaz.jpeg | Char-maghaz.webp | char-maghaz.png | char-maghaz.jpg | char-maghaz.jpeg | char-maghaz.webp | Four Seeds.png | Four Seeds.jpg | Four Seeds.jpeg | Four Seeds.webp | Four-Seeds.png | Four-Seeds.jpg | Four-Seeds.jpeg | Four-Seeds.webp | four-seeds.png | four-seeds.jpg | four-seeds.jpeg | four-seeds.webp,,Morganics Char maghaz - چار مغز,Paste public Shopify Files CDN URL after uploading/confirming image in Shopify Admin > Content > Files.
sogi-small-kishmish-mewa,Sogi Sundarhani Mewa - سوگی سندرہانی میوہ,Sogi Small Kishmish Mewa.png | Sogi Small Kishmish Mewa.jpg | Sogi Small Kishmish Mewa.jpeg | Sogi Small Kishmish Mewa.webp | Sogi-Small-Kishmish-Mewa.png | Sogi-Small-Kishmish-Mewa.jpg | Sogi-Small-Kishmish-Mewa.jpeg | Sogi-Small-Kishmish-Mewa.webp | sogi-small-kishmish-mewa.png | sogi-small-kishmish-mewa.jpg | sogi-small-kishmish-mewa.jpeg | sogi-small-kishmish-mewa.webp | Sogi Sundarhani Mewa.png | Sogi Sundarhani Mewa.jpg | Sogi Sundarhani Mewa.jpeg | Sogi Sundarhani Mewa.webp | Sogi-Sundarhani-Mewa.png | Sogi-Sundarhani-Mewa.jpg | Sogi-Sundarhani-Mewa.jpeg | Sogi-Sundarhani-Mewa.webp | sogi-sundarhani-mewa.png | sogi-sundarhani-mewa.jpg | sogi-sundarhani-mewa.jpeg | sogi-sundarhani-mewa.webp,,Morganics Sogi Sundarhani Mewa - سوگی سندرہانی میوہ,Paste public Shopify Files CDN URL after uploading/confirming image in Shopify Admin > Content > Files.
moosli-white,Moosli White - موصلی سفید,Moosli White.png | Moosli White.jpg | Moosli White.jpeg | Moosli White.webp | Moosli-White.png | Moosli-White.jpg | Moosli-White.jpeg | Moosli-White.webp | moosli-white.png | moosli-white.jpg | moosli-white.jpeg | moosli-white.webp,,Morganics Moosli White - موصلی سفید,Paste public Shopify Files CDN URL after uploading/confirming image in Shopify Admin > Content > Files.
tukhm-methi,Tukhm Methi - تخم میتھی دانہ,Tukhm Methi.png | Tukhm Methi.jpg | Tukhm Methi.jpeg | Tukhm Methi.webp | Tukhm-Methi.png | Tukhm-Methi.jpg | Tukhm-Methi.jpeg | Tukhm-Methi.webp | tukhm-methi.png | tukhm-methi.jpg | tukhm-methi.jpeg | tukhm-methi.webp,,Morganics Tukhm Methi - تخم میتھی دانہ,Paste public Shopify Files CDN URL after uploading/confirming image in Shopify Admin > Content > Files.
sarson-yellow,Mustard seeds - سرسوں سفید,Mustard Seeds.png | Mustard Seeds.jpg | Mustard Seeds.jpeg | Mustard Seeds.webp | Mustard-Seeds.png | Mustard-Seeds.jpg | Mustard-Seeds.jpeg | Mustard-Seeds.webp | mustard-seeds.png | mustard-seeds.jpg | mustard-seeds.jpeg | mustard-seeds.webp | Mustard seeds.png | Mustard seeds.jpg | Mustard seeds.jpeg | Mustard seeds.webp | Mustard-seeds.png | Mustard-seeds.jpg | Mustard-seeds.jpeg | Mustard-seeds.webp | Sarson Safaid.png | Sarson Safaid.jpg | Sarson Safaid.jpeg | Sarson Safaid.webp | Sarson-Safaid.png | Sarson-Safaid.jpg | Sarson-Safaid.jpeg | Sarson-Safaid.webp | sarson-safaid.png | sarson-safaid.jpg | sarson-safaid.jpeg | sarson-safaid.webp | Sarson Yellow.png | Sarson Yellow.jpg | Sarson Yellow.jpeg | Sarson Yellow.webp | Sarson-Yellow.png | Sarson-Yellow.jpg | Sarson-Yellow.jpeg | Sarson-Yellow.webp | sarson-yellow.png | sarson-yellow.jpg | sarson-yellow.jpeg | sarson-yellow.webp,,Morganics Mustard seeds - سرسوں سفید,Paste public Shopify Files CDN URL after uploading/confirming image in Shopify Admin > Content > Files.
multani-mitti,Multani Mitti - ملتانی مٹی,Multani Mitti.png | Multani Mitti.jpg | Multani Mitti.jpeg | Multani Mitti.webp | Multani-Mitti.png | Multani-Mitti.jpg | Multani-Mitti.jpeg | Multani-Mitti.webp | multani-mitti.png | multani-mitti.jpg | multani-mitti.jpeg | multani-mitti.webp,,Morganics Multani Mitti - ملتانی مٹی,Paste public Shopify Files CDN URL after uploading/confirming image in Shopify Admin > Content > Files.
maghaz-badam-desi-gurbandi,Maghaz Badam Gurbandi - بادام گربندی,Maghaz Badam Desi Gurbandi.png | Maghaz Badam Desi Gurbandi.jpg | Maghaz Badam Desi Gurbandi.jpeg | Maghaz Badam Desi Gurbandi.webp | Maghaz-Badam-Desi-Gurbandi.png | Maghaz-Badam-Desi-Gurbandi.jpg | Maghaz-Badam-Desi-Gurbandi.jpeg | Maghaz-Badam-Desi-Gurbandi.webp | maghaz-badam-desi-gurbandi.png | maghaz-badam-desi-gurbandi.jpg | maghaz-badam-desi-gurbandi.jpeg | maghaz-badam-desi-gurbandi.webp | Maghaz Badam Gurbandi.png | Maghaz Badam Gurbandi.jpg | Maghaz Badam Gurbandi.jpeg | Maghaz Badam Gurbandi.webp | Maghaz-Badam-Gurbandi.png | Maghaz-Badam-Gurbandi.jpg | Maghaz-Badam-Gurbandi.jpeg | Maghaz-Badam-Gurbandi.webp | maghaz-badam-gurbandi.png | maghaz-badam-gurbandi.jpg | maghaz-badam-gurbandi.jpeg | maghaz-badam-gurbandi.webp,,Morganics Maghaz Badam Gurbandi - بادام گربندی,Paste public Shopify Files CDN URL after uploading/confirming image in Shopify Admin > Content > Files.
guggul,Guggul - گوگل,Guggul.png | Guggul.jpg | Guggul.jpeg | Guggul.webp | guggul.png | guggul.jpg | guggul.jpeg | guggul.webp,,Morganics Guggul - گوگل,Paste public Shopify Files CDN URL after uploading/confirming image in Shopify Admin > Content > Files.
rosemary-leaves,Rosemary Leaves - روزمیری,Rosemary Leaves.png | Rosemary Leaves.jpg | Rosemary Leaves.jpeg | Rosemary Leaves.webp | Rosemary-Leaves.png | Rosemary-Leaves.jpg | Rosemary-Leaves.jpeg | Rosemary-Leaves.webp | rosemary-leaves.png | rosemary-leaves.jpg | rosemary-leaves.jpeg | rosemary-leaves.webp,,Morganics Rosemary Leaves - روزمیری,Paste public Shopify Files CDN URL after uploading/confirming image in Shopify Admin > Content > Files.
bheray,Bheray - بھیرے,Bheray.png | Bheray.jpg | Bheray.jpeg | Bheray.webp | bheray.png | bheray.jpg | bheray.jpeg | bheray.webp,,Morganics Bheray - بھیرے,Paste public Shopify Files CDN URL after uploading/confirming image in Shopify Admin > Content > Files.
salab-punja,Salab Punja - ثعلب پنجہ,Salab Punja.png | Salab Punja.jpg | Salab Punja.jpeg | Salab Punja.webp | Salab-Punja.png | Salab-Punja.jpg | Salab-Punja.jpeg | Salab-Punja.webp | salab-punja.png | salab-punja.jpg | salab-punja.jpeg | salab-punja.webp,,Morganics Salab Punja - ثعلب پنجہ,Paste public Shopify Files CDN URL after uploading/confirming image in Shopify Admin > Content > Files.
quinoa,Quinoa - کینوا,Quinoa.png | Quinoa.jpg | Quinoa.jpeg | Quinoa.webp | quinoa.png | quinoa.jpg | quinoa.jpeg | quinoa.webp,,Morganics Quinoa - کینوا,Paste public Shopify Files CDN URL after uploading/confirming image in Shopify Admin > Content > Files.
kalonji,Kalonji - کلونجی,Kalonji.png | Kalonji.jpg | Kalonji.jpeg | Kalonji.webp | kalonji.png | kalonji.jpg | kalonji.jpeg | kalonji.webp,,Morganics Kalonji - کلونجی,Paste public Shopify Files CDN URL after uploading/confirming image in Shopify Admin > Content > Files.
alsi,Alsi - السی,Alsi.png | Alsi.jpg | Alsi.jpeg | Alsi.webp | alsi.png | alsi.jpg | alsi.jpeg | alsi.webp,,Morganics Alsi - السی,Paste public Shopify Files CDN URL after uploading/confirming image in Shopify Admin > Content > Files.
ajwain,Ajwain - اجوائن,Ajwain.png | Ajwain.jpg | Ajwain.jpeg | Ajwain.webp | ajwain.png | ajwain.jpg | ajwain.jpeg | ajwain.webp,,Morganics Ajwain - اجوائن,Paste public Shopify Files CDN URL after uploading/confirming image in Shopify Admin > Content > Files.
california-almonds-maghaz-badam,American almond - مغز بادام امریکن,American almond.png | American almond.jpg | American almond.jpeg | American almond.webp | American-almond.png | American-almond.jpg | American-almond.jpeg | American-almond.webp | american-almond.png | american-almond.jpg | american-almond.jpeg | american-almond.webp | California Almonds Maghaz Badam.png | California Almonds Maghaz Badam.jpg | California Almonds Maghaz Badam.jpeg | California Almonds Maghaz Badam.webp | California-Almonds-Maghaz-Badam.png | California-Almonds-Maghaz-Badam.jpg | California-Almonds-Maghaz-Badam.jpeg | California-Almonds-Maghaz-Badam.webp | california-almonds-maghaz-badam.png | california-almonds-maghaz-badam.jpg | california-almonds-maghaz-badam.jpeg | california-almonds-maghaz-badam.webp,,Morganics American almond - مغز بادام امریکن,Paste public Shopify Files CDN URL after uploading/confirming image in Shopify Admin > Content > Files.
ginseng-root-red,Ginseng Root red - جنسنگ لال,Ginseng Root Red.png | Ginseng Root Red.jpg | Ginseng Root Red.jpeg | Ginseng Root Red.webp | Ginseng-Root-Red.png | Ginseng-Root-Red.jpg | Ginseng-Root-Red.jpeg | Ginseng-Root-Red.webp | ginseng-root-red.png | ginseng-root-red.jpg | ginseng-root-red.jpeg | ginseng-root-red.webp | Ginseng Root red.png | Ginseng Root red.jpg | Ginseng Root red.jpeg | Ginseng Root red.webp | Ginseng-Root-red.png | Ginseng-Root-red.jpg | Ginseng-Root-red.jpeg | Ginseng-Root-red.webp,,Morganics Ginseng Root red - جنسنگ لال,Paste public Shopify Files CDN URL after uploading/confirming image in Shopify Admin > Content > Files.
salab-misri,Salab Misri - ثعلب مصری,Salab Misri.png | Salab Misri.jpg | Salab Misri.jpeg | Salab Misri.webp | Salab-Misri.png | Salab-Misri.jpg | Salab-Misri.jpeg | Salab-Misri.webp | salab-misri.png | salab-misri.jpg | salab-misri.jpeg | salab-misri.webp,,Morganics Salab Misri - ثعلب مصری,Paste public Shopify Files CDN URL after uploading/confirming image in Shopify Admin > Content > Files.
dar-chini-cigar-gol,Dar Chini Gol - دارچینی,Dar Chini Cigar Gol.png | Dar Chini Cigar Gol.jpg | Dar Chini Cigar Gol.jpeg | Dar Chini Cigar Gol.webp | Dar-Chini-Cigar-Gol.png | Dar-Chini-Cigar-Gol.jpg | Dar-Chini-Cigar-Gol.jpeg | Dar-Chini-Cigar-Gol.webp | dar-chini-cigar-gol.png | dar-chini-cigar-gol.jpg | dar-chini-cigar-gol.jpeg | dar-chini-cigar-gol.webp | Dar Chini Gol.png | Dar Chini Gol.jpg | Dar Chini Gol.jpeg | Dar Chini Gol.webp | Dar-Chini-Gol.png | Dar-Chini-Gol.jpg | Dar-Chini-Gol.jpeg | Dar-Chini-Gol.webp | dar-chini-gol.png | dar-chini-gol.jpg | dar-chini-gol.jpeg | dar-chini-gol.webp | Darchini.png | Darchini.jpg | Darchini.jpeg | Darchini.webp | darchini.png | darchini.jpg | darchini.jpeg | darchini.webp,,Morganics Dar Chini Gol - دارچینی,Paste public Shopify Files CDN URL after uploading/confirming image in Shopify Admin > Content > Files.
saffron,Saffron - زعفران,Saffron.png | Saffron.jpg | Saffron.jpeg | Saffron.webp | saffron.png | saffron.jpg | saffron.jpeg | saffron.webp,,Morganics Saffron - زعفران,Paste public Shopify Files CDN URL after uploading/confirming image in Shopify Admin > Content > Files.
phool-makhana,Phool Makhana - پھول مکھانہ,Phool Makhana.png | Phool Makhana.jpg | Phool Makhana.jpeg | Phool Makhana.webp | Phool-Makhana.png | Phool-Makhana.jpg | Phool-Makhana.jpeg | Phool-Makhana.webp | phool-makhana.png | phool-makhana.jpg | phool-makhana.jpeg | phool-makhana.webp,,Morganics Phool Makhana - پھول مکھانہ,Paste public Shopify Files CDN URL after uploading/confirming image in Shopify Admin > Content > Files.
goond-katira,Goond Katira - گوند کتیرا,Goond Katira.png | Goond Katira.jpg | Goond Katira.jpeg | Goond Katira.webp | Goond-Katira.png | Goond-Katira.jpg | Goond-Katira.jpeg | Goond-Katira.webp | goond-katira.png | goond-katira.jpg | goond-katira.jpeg | goond-katira.webp,,Morganics Goond Katira - گوند کتیرا,Paste public Shopify Files CDN URL after uploading/confirming image in Shopify Admin > Content > Files.
anjeer,Anjeer — Fig - انجیر,Anjeer.png | Anjeer.jpg | Anjeer.jpeg | Anjeer.webp | anjeer.png | anjeer.jpg | anjeer.jpeg | anjeer.webp | Anjeer - Fig.png | Anjeer - Fig.jpg | Anjeer - Fig.jpeg | Anjeer - Fig.webp | Anjeer-Fig.png | Anjeer-Fig.jpg | Anjeer-Fig.jpeg | Anjeer-Fig.webp | anjeer-fig.png | anjeer-fig.jpg | anjeer-fig.jpeg | anjeer-fig.webp | Fig.png | Fig.jpg | Fig.jpeg | Fig.webp | fig.png | fig.jpg | fig.jpeg | fig.webp,,Morganics Anjeer — Fig - انجیر,Paste public Shopify Files CDN URL after uploading/confirming image in Shopify Admin > Content > Files.
maghaz-chilgoza-half-roast,Maghaz Chilgoza Half Roasted - چلغوزہ مغز ہاف روسٹ,Maghaz Chilgoza Half Roast.png | Maghaz Chilgoza Half Roast.jpg | Maghaz Chilgoza Half Roast.jpeg | Maghaz Chilgoza Half Roast.webp | Maghaz-Chilgoza-Half-Roast.png | Maghaz-Chilgoza-Half-Roast.jpg | Maghaz-Chilgoza-Half-Roast.jpeg | Maghaz-Chilgoza-Half-Roast.webp | maghaz-chilgoza-half-roast.png | maghaz-chilgoza-half-roast.jpg | maghaz-chilgoza-half-roast.jpeg | maghaz-chilgoza-half-roast.webp | Maghaz Chilgoza Half Roasted.png | Maghaz Chilgoza Half Roasted.jpg | Maghaz Chilgoza Half Roasted.jpeg | Maghaz Chilgoza Half Roasted.webp | Maghaz-Chilgoza-Half-Roasted.png | Maghaz-Chilgoza-Half-Roasted.jpg | Maghaz-Chilgoza-Half-Roasted.jpeg | Maghaz-Chilgoza-Half-Roasted.webp | maghaz-chilgoza-half-roasted.png | maghaz-chilgoza-half-roasted.jpg | maghaz-chilgoza-half-roasted.jpeg | maghaz-chilgoza-half-roasted.webp,,Morganics Maghaz Chilgoza Half Roasted - چلغوزہ مغز ہاف روسٹ,Paste public Shopify Files CDN URL after uploading/confirming image in Shopify Admin > Content > Files.
maghaz-akhrot,Maghaz Akhrot — Walnut - مغز اخروٹ,Maghaz Akhrot.png | Maghaz Akhrot.jpg | Maghaz Akhrot.jpeg | Maghaz Akhrot.webp | Maghaz-Akhrot.png | Maghaz-Akhrot.jpg | Maghaz-Akhrot.jpeg | Maghaz-Akhrot.webp | maghaz-akhrot.png | maghaz-akhrot.jpg | maghaz-akhrot.jpeg | maghaz-akhrot.webp | Maghaz Akhrot - Walnut.png | Maghaz Akhrot - Walnut.jpg | Maghaz Akhrot - Walnut.jpeg | Maghaz Akhrot - Walnut.webp | Maghaz-Akhrot-Walnut.png | Maghaz-Akhrot-Walnut.jpg | Maghaz-Akhrot-Walnut.jpeg | Maghaz-Akhrot-Walnut.webp | maghaz-akhrot-walnut.png | maghaz-akhrot-walnut.jpg | maghaz-akhrot-walnut.jpeg | maghaz-akhrot-walnut.webp | Walnut.png | Walnut.jpg | Walnut.jpeg | Walnut.webp | walnut.png | walnut.jpg | walnut.jpeg | walnut.webp,,Morganics Maghaz Akhrot — Walnut - مغز اخروٹ,Paste public Shopify Files CDN URL after uploading/confirming image in Shopify Admin > Content > Files.
pecan-nuts,Pecan Nuts,Pecan Nuts.png | Pecan Nuts.jpg | Pecan Nuts.jpeg | Pecan Nuts.webp | Pecan-Nuts.png | Pecan-Nuts.jpg | Pecan-Nuts.jpeg | Pecan-Nuts.webp | pecan-nuts.png | pecan-nuts.jpg | pecan-nuts.jpeg | pecan-nuts.webp,,Morganics Pecan Nuts,Paste public Shopify Files CDN URL after uploading/confirming image in Shopify Admin > Content > Files.
brazil-nuts,Brazil Nuts,Brazil Nuts.png | Brazil Nuts.jpg | Brazil Nuts.jpeg | Brazil Nuts.webp | Brazil-Nuts.png | Brazil-Nuts.jpg | Brazil-Nuts.jpeg | Brazil-Nuts.webp | brazil-nuts.png | brazil-nuts.jpg | brazil-nuts.jpeg | brazil-nuts.webp,,Morganics Brazil Nuts,Paste public Shopify Files CDN URL after uploading/confirming image in Shopify Admin > Content > Files.
dried-banana,Banana Dried - خشک کیلا,Banana Dried.png | Banana Dried.jpg | Banana Dried.jpeg | Banana Dried.webp | Banana-Dried.png | Banana-Dried.jpg | Banana-Dried.jpeg | Banana-Dried.webp | banana-dried.png | banana-dried.jpg | banana-dried.jpeg | banana-dried.webp | Dried Banana.png | Dried Banana.jpg | Dried Banana.jpeg | Dried Banana.webp | Dried-Banana.png | Dried-Banana.jpg | Dried-Banana.jpeg | Dried-Banana.webp | dried-banana.png | dried-banana.jpg | dried-banana.jpeg | dried-banana.webp,,Morganics Banana Dried - خشک کیلا,Paste public Shopify Files CDN URL after uploading/confirming image in Shopify Admin > Content > Files.
mixed-dried-fruits,Mixed Dried Fruits,Mixed Dried Fruits.png | Mixed Dried Fruits.jpg | Mixed Dried Fruits.jpeg | Mixed Dried Fruits.webp | Mixed-Dried-Fruits.png | Mixed-Dried-Fruits.jpg | Mixed-Dried-Fruits.jpeg | Mixed-Dried-Fruits.webp | mixed-dried-fruits.png | mixed-dried-fruits.jpg | mixed-dried-fruits.jpeg | mixed-dried-fruits.webp,,Morganics Mixed Dried Fruits,Paste public Shopify Files CDN URL after uploading/confirming image in Shopify Admin > Content > Files.
mabroom-khajoor,Mabroom dates - کھجور مبروم,Khajoor Mabroom.png | Khajoor Mabroom.jpg | Khajoor Mabroom.jpeg | Khajoor Mabroom.webp | Khajoor-Mabroom.png | Khajoor-Mabroom.jpg | Khajoor-Mabroom.jpeg | Khajoor-Mabroom.webp | khajoor-mabroom.png | khajoor-mabroom.jpg | khajoor-mabroom.jpeg | khajoor-mabroom.webp | Mabroom Dates.png | Mabroom Dates.jpg | Mabroom Dates.jpeg | Mabroom Dates.webp | Mabroom-Dates.png | Mabroom-Dates.jpg | Mabroom-Dates.jpeg | Mabroom-Dates.webp | mabroom-dates.png | mabroom-dates.jpg | mabroom-dates.jpeg | mabroom-dates.webp | Mabroom Khajoor.png | Mabroom Khajoor.jpg | Mabroom Khajoor.jpeg | Mabroom Khajoor.webp | Mabroom-Khajoor.png | Mabroom-Khajoor.jpg | Mabroom-Khajoor.jpeg | Mabroom-Khajoor.webp | mabroom-khajoor.png | mabroom-khajoor.jpg | mabroom-khajoor.jpeg | mabroom-khajoor.webp | Mabroom dates.png | Mabroom dates.jpg | Mabroom dates.jpeg | Mabroom dates.webp | Mabroom-dates.png | Mabroom-dates.jpg | Mabroom-dates.jpeg | Mabroom-dates.webp,,Morganics Mabroom dates - کھجور مبروم,Paste public Shopify Files CDN URL after uploading/confirming image in Shopify Admin > Content > Files.
ajwa-dates,Khajoor Ajwa - عجوہ کھجور,Ajwa Dates.png | Ajwa Dates.jpg | Ajwa Dates.jpeg | Ajwa Dates.webp | Ajwa-Dates.png | Ajwa-Dates.jpg | Ajwa-Dates.jpeg | Ajwa-Dates.webp | ajwa-dates.png | ajwa-dates.jpg | ajwa-dates.jpeg | ajwa-dates.webp | Khajoor Ajwa.png | Khajoor Ajwa.jpg | Khajoor Ajwa.jpeg | Khajoor Ajwa.webp | Khajoor-Ajwa.png | Khajoor-Ajwa.jpg | Khajoor-Ajwa.jpeg | Khajoor-Ajwa.webp | khajoor-ajwa.png | khajoor-ajwa.jpg | khajoor-ajwa.jpeg | khajoor-ajwa.webp,,Morganics Khajoor Ajwa - عجوہ کھجور,Paste public Shopify Files CDN URL after uploading/confirming image in Shopify Admin > Content > Files.
sunflower-seeds,Sunflower Seeds - سورج مکھی کے بیج,Sunflower Seeds.png | Sunflower Seeds.jpg | Sunflower Seeds.jpeg | Sunflower Seeds.webp | Sunflower-Seeds.png | Sunflower-Seeds.jpg | Sunflower-Seeds.jpeg | Sunflower-Seeds.webp | sunflower-seeds.png | sunflower-seeds.jpg | sunflower-seeds.jpeg | sunflower-seeds.webp,,Morganics Sunflower Seeds - سورج مکھی کے بیج,Paste public Shopify Files CDN URL after uploading/confirming image in Shopify Admin > Content > Files.
daliya-oats,Daliya Oats,Daliya Oats.png | Daliya Oats.jpg | Daliya Oats.jpeg | Daliya Oats.webp | Daliya-Oats.png | Daliya-Oats.jpg | Daliya-Oats.jpeg | Daliya-Oats.webp | daliya-oats.png | daliya-oats.jpg | daliya-oats.jpeg | daliya-oats.webp,,Morganics Daliya Oats,Paste public Shopify Files CDN URL after uploading/confirming image in Shopify Admin > Content > Files.
hibiscus-herb,hibiscus herb - گل گڑھل,Hibiscus Herb.png | Hibiscus Herb.jpg | Hibiscus Herb.jpeg | Hibiscus Herb.webp | Hibiscus-Herb.png | Hibiscus-Herb.jpg | Hibiscus-Herb.jpeg | Hibiscus-Herb.webp | hibiscus-herb.png | hibiscus-herb.jpg | hibiscus-herb.jpeg | hibiscus-herb.webp | hibiscus herb.png | hibiscus herb.jpg | hibiscus herb.jpeg | hibiscus herb.webp,,Morganics hibiscus herb - گل گڑھل,Paste public Shopify Files CDN URL after uploading/confirming image in Shopify Admin > Content > Files.
ginkgo-biloba,Ginkgo Biloba Leaves - جنکو,Ginkgo Biloba.png | Ginkgo Biloba.jpg | Ginkgo Biloba.jpeg | Ginkgo Biloba.webp | Ginkgo-Biloba.png | Ginkgo-Biloba.jpg | Ginkgo-Biloba.jpeg | Ginkgo-Biloba.webp | ginkgo-biloba.png | ginkgo-biloba.jpg | ginkgo-biloba.jpeg | ginkgo-biloba.webp | Ginkgo Biloba Leaves.png | Ginkgo Biloba Leaves.jpg | Ginkgo Biloba Leaves.jpeg | Ginkgo Biloba Leaves.webp | Ginkgo-Biloba-Leaves.png | Ginkgo-Biloba-Leaves.jpg | Ginkgo-Biloba-Leaves.jpeg | Ginkgo-Biloba-Leaves.webp | ginkgo-biloba-leaves.png | ginkgo-biloba-leaves.jpg | ginkgo-biloba-leaves.jpeg | ginkgo-biloba-leaves.webp,,Morganics Ginkgo Biloba Leaves - جنکو,Paste public Shopify Files CDN URL after uploading/confirming image in Shopify Admin > Content > Files.
aqarqara,Aqarqara - عقرقرحا,Aqarqara.png | Aqarqara.jpg | Aqarqara.jpeg | Aqarqara.webp | aqarqara.png | aqarqara.jpg | aqarqara.jpeg | aqarqara.webp,,Morganics Aqarqara - عقرقرحا,Paste public Shopify Files CDN URL after uploading/confirming image in Shopify Admin > Content > Files.
triphala-blend,Triphala Blend,Triphala Blend.png | Triphala Blend.jpg | Triphala Blend.jpeg | Triphala Blend.webp | Triphala-Blend.png | Triphala-Blend.jpg | Triphala-Blend.jpeg | Triphala-Blend.webp | triphala-blend.png | triphala-blend.jpg | triphala-blend.jpeg | triphala-blend.webp,,Morganics Triphala Blend,Paste public Shopify Files CDN URL after uploading/confirming image in Shopify Admin > Content > Files.
maca-root-whole,Maca Root Whole,Maca Root Whole.png | Maca Root Whole.jpg | Maca Root Whole.jpeg | Maca Root Whole.webp | Maca-Root-Whole.png | Maca-Root-Whole.jpg | Maca-Root-Whole.jpeg | Maca-Root-Whole.webp | maca-root-whole.png | maca-root-whole.jpg | maca-root-whole.jpeg | maca-root-whole.webp,,Morganics Maca Root Whole,Paste public Shopify Files CDN URL after uploading/confirming image in Shopify Admin > Content > Files.
maca-root-powder,Maca Root Powder,Maca Root Powder.png | Maca Root Powder.jpg | Maca Root Powder.jpeg | Maca Root Powder.webp | Maca-Root-Powder.png | Maca-Root-Powder.jpg | Maca-Root-Powder.jpeg | Maca-Root-Powder.webp | maca-root-powder.png | maca-root-powder.jpg | maca-root-powder.jpeg | maca-root-powder.webp,,Morganics Maca Root Powder,Paste public Shopify Files CDN URL after uploading/confirming image in Shopify Admin > Content > Files.
salajeet,Salajeet - سلاجیت,Salajeet.png | Salajeet.jpg | Salajeet.jpeg | Salajeet.webp | salajeet.png | salajeet.jpg | salajeet.jpeg | salajeet.webp,,Morganics Salajeet - سلاجیت,Paste public Shopify Files CDN URL after uploading/confirming image in Shopify Admin > Content > Files.
goji-berry,Goji Berry - گوجی بیری,Goji Berry.png | Goji Berry.jpg | Goji Berry.jpeg | Goji Berry.webp | Goji-Berry.png | Goji-Berry.jpg | Goji-Berry.jpeg | Goji-Berry.webp | goji-berry.png | goji-berry.jpg | goji-berry.jpeg | goji-berry.webp,,Morganics Goji Berry - گوجی بیری,Paste public Shopify Files CDN URL after uploading/confirming image in Shopify Admin > Content > Files.
mixed-berries,Mixed Berries - مکس بیریز,Mixed Berries.png | Mixed Berries.jpg | Mixed Berries.jpeg | Mixed Berries.webp | Mixed-Berries.png | Mixed-Berries.jpg | Mixed-Berries.jpeg | Mixed-Berries.webp | mixed-berries.png | mixed-berries.jpg | mixed-berries.jpeg | mixed-berries.webp,,Morganics Mixed Berries - مکس بیریز,Paste public Shopify Files CDN URL after uploading/confirming image in Shopify Admin > Content > Files.
cranberry,Cranberry - کرین بیری,Cranberry.png | Cranberry.jpg | Cranberry.jpeg | Cranberry.webp | cranberry.png | cranberry.jpg | cranberry.jpeg | cranberry.webp,,Morganics Cranberry - کرین بیری,Paste public Shopify Files CDN URL after uploading/confirming image in Shopify Admin > Content > Files.
shakar,Shakar - دیسی شکر,Shakar.png | Shakar.jpg | Shakar.jpeg | Shakar.webp | shakar.png | shakar.jpg | shakar.jpeg | shakar.webp,,Morganics Shakar - دیسی شکر,Paste public Shopify Files CDN URL after uploading/confirming image in Shopify Admin > Content > Files.
honey,Honey - خاص شہد,Honey.png | Honey.jpg | Honey.jpeg | Honey.webp | honey.png | honey.jpg | honey.jpeg | honey.webp,,Morganics Honey - خاص شہد,Paste public Shopify Files CDN URL after uploading/confirming image in Shopify Admin > Content > Files.
maghaz-badam-abdul-wahidi,Maghaz Badam Abdul Wahidi,Maghaz Badam Abdul Wahidi.png | Maghaz Badam Abdul Wahidi.jpg | Maghaz Badam Abdul Wahidi.jpeg | Maghaz Badam Abdul Wahidi.webp | Maghaz-Badam-Abdul-Wahidi.png | Maghaz-Badam-Abdul-Wahidi.jpg | Maghaz-Badam-Abdul-Wahidi.jpeg | Maghaz-Badam-Abdul-Wahidi.webp | maghaz-badam-abdul-wahidi.png | maghaz-badam-abdul-wahidi.jpg | maghaz-badam-abdul-wahidi.jpeg | maghaz-badam-abdul-wahidi.webp,,Morganics Maghaz Badam Abdul Wahidi,Paste public Shopify Files CDN URL after uploading/confirming image in Shopify Admin > Content > Files.
maghaz-chilgoza-full-roast,Maghaz Chilgoza Full Roasted - چلغوزہ مغز فل روسٹ,Maghaz Chilgoza Full Roast.png | Maghaz Chilgoza Full Roast.jpg | Maghaz Chilgoza Full Roast.jpeg | Maghaz Chilgoza Full Roast.webp | Maghaz-Chilgoza-Full-Roast.png | Maghaz-Chilgoza-Full-Roast.jpg | Maghaz-Chilgoza-Full-Roast.jpeg | Maghaz-Chilgoza-Full-Roast.webp | maghaz-chilgoza-full-roast.png | maghaz-chilgoza-full-roast.jpg | maghaz-chilgoza-full-roast.jpeg | maghaz-chilgoza-full-roast.webp | Maghaz Chilgoza Full Roasted.png | Maghaz Chilgoza Full Roasted.jpg | Maghaz Chilgoza Full Roasted.jpeg | Maghaz Chilgoza Full Roasted.webp | Maghaz-Chilgoza-Full-Roasted.png | Maghaz-Chilgoza-Full-Roasted.jpg | Maghaz-Chilgoza-Full-Roasted.jpeg | Maghaz-Chilgoza-Full-Roasted.webp | maghaz-chilgoza-full-roasted.png | maghaz-chilgoza-full-roasted.jpg | maghaz-chilgoza-full-roasted.jpeg | maghaz-chilgoza-full-roasted.webp,,Morganics Maghaz Chilgoza Full Roasted - چلغوزہ مغز فل روسٹ,Paste public Shopify Files CDN URL after uploading/confirming image in Shopify Admin > Content > Files.
dried-strawberry,Dried Strawberry,Dried Strawberry.png | Dried Strawberry.jpg | Dried Strawberry.jpeg | Dried Strawberry.webp | Dried-Strawberry.png | Dried-Strawberry.jpg | Dried-Strawberry.jpeg | Dried-Strawberry.webp | dried-strawberry.png | dried-strawberry.jpg | dried-strawberry.jpeg | dried-strawberry.webp,,Morganics Dried Strawberry,Paste public Shopify Files CDN URL after uploading/confirming image in Shopify Admin > Content > Files.
dried-kiwi,Dried Kiwi,Dried Kiwi.png | Dried Kiwi.jpg | Dried Kiwi.jpeg | Dried Kiwi.webp | Dried-Kiwi.png | Dried-Kiwi.jpg | Dried-Kiwi.jpeg | Dried-Kiwi.webp | dried-kiwi.png | dried-kiwi.jpg | dried-kiwi.jpeg | dried-kiwi.webp,,Morganics Dried Kiwi,Paste public Shopify Files CDN URL after uploading/confirming image in Shopify Admin > Content > Files.
dried-pineapple,Dried Pineapple,Dried Pineapple.png | Dried Pineapple.jpg | Dried Pineapple.jpeg | Dried Pineapple.webp | Dried-Pineapple.png | Dried-Pineapple.jpg | Dried-Pineapple.jpeg | Dried-Pineapple.webp | dried-pineapple.png | dried-pineapple.jpg | dried-pineapple.jpeg | dried-pineapple.webp,,Morganics Dried Pineapple,Paste public Shopify Files CDN URL after uploading/confirming image in Shopify Admin > Content > Files.
dried-mango,Dried Mango,Dried Mango.png | Dried Mango.jpg | Dried Mango.jpeg | Dried Mango.webp | Dried-Mango.png | Dried-Mango.jpg | Dried-Mango.jpeg | Dried-Mango.webp | dried-mango.png | dried-mango.jpg | dried-mango.jpeg | dried-mango.webp,,Morganics Dried Mango,Paste public Shopify Files CDN URL after uploading/confirming image in Shopify Admin > Content > Files.
zarishk-pakistani,Zarishk Pakistani,Zarishk.png | Zarishk.jpg | Zarishk.jpeg | Zarishk.webp | zarishk.png | zarishk.jpg | zarishk.jpeg | zarishk.webp | Zarishk Imported.png | Zarishk Imported.jpg | Zarishk Imported.jpeg | Zarishk Imported.webp | Zarishk-Imported.png | Zarishk-Imported.jpg | Zarishk-Imported.jpeg | Zarishk-Imported.webp | zarishk-imported.png | zarishk-imported.jpg | zarishk-imported.jpeg | zarishk-imported.webp | Zarishk Pakistani.png | Zarishk Pakistani.jpg | Zarishk Pakistani.jpeg | Zarishk Pakistani.webp | Zarishk-Pakistani.png | Zarishk-Pakistani.jpg | Zarishk-Pakistani.jpeg | Zarishk-Pakistani.webp | zarishk-pakistani.png | zarishk-pakistani.jpg | zarishk-pakistani.jpeg | zarishk-pakistani.webp,,Morganics Zarishk Pakistani,Paste public Shopify Files CDN URL after uploading/confirming image in Shopify Admin > Content > Files.
chia-seeds,Chia Seeds,Chia Seeds.png | Chia Seeds.jpg | Chia Seeds.jpeg | Chia Seeds.webp | Chia-Seeds.png | Chia-Seeds.jpg | Chia-Seeds.jpeg | Chia-Seeds.webp | chia-seeds.png | chia-seeds.jpg | chia-seeds.jpeg | chia-seeds.webp,,Morganics Chia Seeds,Paste public Shopify Files CDN URL after uploading/confirming image in Shopify Admin > Content > Files.
pumpkin-seeds,Pumpkin Seeds,Pumpkin Seeds.png | Pumpkin Seeds.jpg | Pumpkin Seeds.jpeg | Pumpkin Seeds.webp | Pumpkin-Seeds.png | Pumpkin-Seeds.jpg | Pumpkin-Seeds.jpeg | Pumpkin-Seeds.webp | pumpkin-seeds.png | pumpkin-seeds.jpg | pumpkin-seeds.jpeg | pumpkin-seeds.webp,,Morganics Pumpkin Seeds,Paste public Shopify Files CDN URL after uploading/confirming image in Shopify Admin > Content > Files.
